<?xml version="1.0" encoding="UTF-8"?>
<project-private xmlns="http://www.netbeans.org/ns/project-private/1">
    <editor-bookmarks xmlns="http://www.netbeans.org/ns/editor-bookmarks/2" lastBookmarkId="0"/>
    <open-files xmlns="http://www.netbeans.org/ns/projectui-open-files/2">
        <group>
            <file>file:/C:/Users/user/Documents/NetBeansProjects/TARA/src/my_package/frameRecordReservation.java</file>
            <file>file:/C:/Users/user/Documents/NetBeansProjects/TARA/src/my_package/Frame.java</file>
            <file>file:/C:/Users/user/Documents/NetBeansProjects/TARA/src/my_package/DBHelper.java</file>
            <file>file:/C:/Users/user/Documents/NetBeansProjects/TARA/src/my_package/MainFrame.java</file>
            <file>file:/C:/Users/user/Documents/NetBeansProjects/TARA/src/my_package/createAcct.java</file>
        </group>
    </open-files>
</project-private>
